{"cameraMode":{"drawMode":0,"name":"Shaded","section":"Shading Mode"},"sceneLighting":false,"audioPlay":false,"sceneViewState":{"showFog":true,"showMaterialUpdate":false,"showSkybox":true,"showFlares":true,"showImageEffects":true,"showParticleSystems":true},"in2DMode":false,"pivot":{"x":-3.6113533973693849,"y":-1.5561237335205079,"z":-2.208803176879883},"rotation":{"x":0.0049339476972818378,"y":-0.9923915863037109,"z":0.1163400337100029,"w":0.04210767149925232},"size":10.057267189025879,"orthographic":false}