{"cameraMode":{"drawMode":0,"name":"Shaded","section":"Shading Mode"},"sceneLighting":false,"audioPlay":false,"sceneViewState":{"showFog":true,"showMaterialUpdate":false,"showSkybox":false,"showFlares":true,"showImageEffects":true,"showParticleSystems":true},"in2DMode":false,"pivot":{"x":-1.0423345565795899,"y":-0.17938947677612306,"z":-0.12565279006958009},"rotation":{"x":-0.011562546715140343,"y":-0.9662824869155884,"z":0.25343412160873415,"w":-0.044095274060964587},"size":4.771556854248047,"orthographic":false}